{"iViewPosition":{"x":0.05367673933506012,"y":-0.0909285768866539,"z":0.49788385629653931},"iViewRotation":{"w":0.90539801120758057,"x":-0.092743784189224243,"y":-0.36751633882522583,"z":0.19127146899700165},"viewPosition":{"x":-0.3112332820892334,"y":0.25125569105148315,"z":-0.31470933556556702},"viewRotation":{"w":0.90539801120758057,"x":0.092743784189224243,"y":0.36751633882522583,"z":-0.19127146899700165}}